step,loss,action_loss,temporal_loss,moving_avg,ratio,episode_indices,frame_indices,episode_paths
187,0.129894,0.128923,0.000970,0.037152,3.50,"[45, 45, 45, 45, 45, 45, 45, 45, 45, 45, 45, 45, 45, 45, 45, 45]","[41, 46, 51, 56, 61, 66, 71, 76, 81, 86, 91, 96, 101, 106, 111, 116]",[45] episode_20260106_141045_trimmed_0_327.h5
212,0.131412,0.130088,0.001325,0.039052,3.37,"[51, 51, 51, 51, 51, 51, 51, 51, 51, 51, 51, 51, 51, 51, 51, 51]","[70, 75, 80, 85, 90, 95, 100, 105, 110, 115, 120, 125, 130, 135, 140, 145]",[51] episode_20260106_155623_trimmed_0_310.h5
542,0.233481,0.230660,0.002820,0.050696,4.61,"[154, 154, 154, 154, 154, 154, 154, 154, 154, 154, 154, 154, 154, 154, 154, 154]","[2, 7, 12, 17, 22, 27, 32, 37, 42, 47, 52, 57, 62, 67, 72, 77]",[154] episode_20260106_171646.h5
551,0.228903,0.207344,0.021559,0.053686,4.26,"[155, 155, 155, 155, 156, 156, 156, 156, 156, 156, 156, 156, 156, 156, 156, 156]","[284, 289, 294, 299, 4, 9, 14, 19, 24, 29, 34, 39, 44, 49, 54, 59]",[155] episode_20260106_171812.h5; [156] episode_20260107_134251.h5
555,0.281602,0.255619,0.025983,0.058641,4.80,"[157, 157, 157, 157, 157, 157, 157, 157, 157, 157, 157, 157, 157, 157, 157, 157]","[30, 35, 40, 45, 50, 55, 60, 65, 70, 75, 80, 85, 90, 95, 100, 105]",[157] episode_20260107_134411.h5
556,0.322851,0.293915,0.028936,0.061437,5.26,"[157, 157, 157, 157, 157, 157, 157, 157, 157, 157, 157, 157, 157, 157, 157, 157]","[110, 115, 120, 125, 130, 135, 140, 145, 150, 155, 160, 165, 170, 175, 180, 185]",[157] episode_20260107_134411.h5
558,0.220013,0.199303,0.020711,0.064350,3.42,"[157, 157, 157, 157, 157, 158, 158, 158, 158, 158, 158, 158, 158, 158, 158, 158]","[270, 275, 280, 285, 290, 0, 5, 10, 15, 20, 25, 30, 35, 40, 45, 50]",[157] episode_20260107_134411.h5; [158] episode_20260107_134552.h5
567,0.230254,0.223432,0.006822,0.072022,3.20,"[161, 161, 161, 161, 161, 161, 161, 161, 161, 161, 161, 161, 161, 161, 161, 161]","[12, 17, 22, 27, 32, 37, 42, 47, 52, 57, 62, 67, 72, 77, 82, 87]",[161] episode_20260107_135121.h5
1123,0.582994,0.568351,0.014643,0.047409,12.30,"[316, 316, 316, 316, 316, 316, 316, 316, 316, 316, 316, 316, 316, 316, 316, 316]","[14, 19, 24, 29, 34, 39, 44, 49, 54, 59, 64, 69, 74, 79, 84, 89]",[316] episode_20260107_173105.h5
1127,0.382895,0.380200,0.002695,0.052809,7.25,"[317, 317, 317, 317, 317, 317, 317, 317, 317, 317, 317, 317, 317, 317, 317, 317]","[14, 19, 24, 29, 34, 39, 44, 49, 54, 59, 64, 69, 74, 79, 84, 89]",[317] episode_20260107_173232.h5
1130,0.291456,0.289593,0.001863,0.056325,5.17,"[317, 317, 317, 317, 317, 318, 318, 318, 318, 318, 318, 318, 318, 318, 318, 318]","[254, 259, 264, 269, 274, 1, 6, 11, 16, 21, 26, 31, 36, 41, 46, 51]",[317] episode_20260107_173232.h5; [318] episode_20260107_173510.h5
1133,0.199129,0.195780,0.003349,0.059798,3.33,"[319, 319, 319, 319, 319, 319, 319, 319, 319, 319, 319, 319, 319, 319, 319, 319]","[29, 34, 39, 44, 49, 54, 59, 64, 69, 74, 79, 84, 89, 94, 99, 104]",[319] episode_20260106_182640.h5
1136,0.258452,0.256007,0.002445,0.063072,4.10,"[319, 320, 320, 320, 320, 320, 320, 320, 320, 320, 320, 320, 320, 320, 320, 320]","[269, 0, 5, 10, 15, 20, 25, 30, 35, 40, 45, 50, 55, 60, 65, 70]",[319] episode_20260106_182640.h5; [320] episode_20260108_151331.h5
1140,0.200218,0.196820,0.003398,0.066139,3.03,"[321, 321, 321, 321, 321, 321, 321, 321, 321, 321, 321, 321, 321, 321, 321, 321]","[21, 26, 31, 36, 41, 46, 51, 56, 61, 66, 71, 76, 81, 86, 91, 96]",[321] episode_20260108_151427.h5
1150,0.386728,0.379213,0.007515,0.075848,5.10,"[325, 325, 325, 325, 325, 325, 325, 325, 325, 325, 325, 325, 325, 325, 325, 325]","[59, 64, 69, 74, 79, 84, 89, 94, 99, 104, 109, 114, 119, 124, 129, 134]",[325] episode_20260108_151902.h5
1482,0.373013,0.366492,0.006521,0.059531,6.27,"[424, 424, 424, 424, 424, 424, 424, 424, 424, 424, 424, 424, 424, 424, 424, 424]","[271, 276, 281, 286, 291, 296, 301, 306, 311, 316, 321, 326, 331, 336, 341, 346]",[424] episode_20260108_170020.h5
1483,0.284775,0.279752,0.005023,0.061403,4.64,"[424, 424, 424, 424, 424, 424, 424, 424, 424, 424, 424, 424, 424, 424, 424, 424]","[351, 356, 361, 366, 371, 376, 381, 386, 391, 396, 401, 406, 411, 416, 421, 426]",[424] episode_20260108_170020.h5
1490,0.333887,0.329254,0.004633,0.067573,4.94,"[425, 425, 425, 425, 425, 425, 425, 425, 425, 425, 425, 425, 425, 425, 425, 425]","[143, 148, 153, 158, 163, 168, 173, 178, 183, 188, 193, 198, 203, 208, 213, 218]",[425] episode_20260108_170147.h5
1495,0.247338,0.244071,0.003267,0.070791,3.49,"[426, 426, 426, 426, 426, 426, 426, 426, 426, 426, 426, 426, 426, 426, 426, 426]","[70, 75, 80, 85, 90, 95, 100, 105, 110, 115, 120, 125, 130, 135, 140, 145]",[426] episode_20260108_170348.h5
1496,0.217928,0.214716,0.003212,0.072508,3.01,"[426, 426, 426, 426, 426, 426, 426, 426, 426, 426, 426, 426, 426, 426, 426, 426]","[150, 155, 160, 165, 170, 175, 180, 185, 190, 195, 200, 205, 210, 215, 220, 225]",[426] episode_20260108_170348.h5
1500,0.297630,0.295091,0.002539,0.075689,3.93,"[427, 427, 427, 427, 427, 427, 427, 427, 427, 427, 427, 427, 427, 427, 427, 427]","[69, 74, 79, 84, 89, 94, 99, 104, 109, 114, 119, 124, 129, 134, 139, 144]",[427] episode_20260108_170535.h5
1510,0.370307,0.367303,0.003003,0.084875,4.36,"[429, 429, 429, 429, 429, 429, 429, 429, 429, 429, 429, 429, 429, 429, 429, 429]","[71, 76, 81, 86, 91, 96, 101, 106, 111, 116, 121, 126, 131, 136, 141, 146]",[429] episode_20260108_141011.h5
1513,0.290476,0.283757,0.006720,0.089368,3.25,"[429, 429, 429, 429, 429, 429, 429, 429, 429, 429, 429, 429, 429, 429, 429, 429]","[311, 316, 321, 326, 331, 336, 341, 346, 351, 356, 361, 366, 371, 376, 381, 386]",[429] episode_20260108_141011.h5
1542,0.394336,0.390295,0.004042,0.113763,3.47,"[433, 433, 433, 433, 433, 433, 433, 433, 433, 433, 433, 433, 433, 433, 433, 433]","[118, 123, 128, 133, 138, 143, 148, 153, 158, 163, 168, 173, 178, 183, 188, 193]",[433] episode_20260108_141817.h5
1561,0.609936,0.586467,0.023469,0.132329,4.61,"[436, 436, 436, 436, 436, 436, 436, 436, 436, 436, 436, 436, 436, 436, 436, 436]","[122, 127, 132, 137, 142, 147, 152, 157, 162, 167, 172, 177, 182, 187, 192, 197]",[436] episode_20260108_142443.h5
1562,1.037024,0.908765,0.128259,0.142170,7.29,"[436, 436, 436, 436, 436, 436, 436, 436, 436, 436, 436, 436, 436, 436, 436, 436]","[202, 207, 212, 217, 222, 227, 232, 237, 242, 247, 252, 257, 262, 267, 272, 277]",[436] episode_20260108_142443.h5
1567,0.556691,0.546896,0.009795,0.147511,3.77,"[437, 437, 437, 437, 437, 437, 437, 437, 437, 437, 437, 437, 437, 437, 437, 437]","[97, 102, 107, 112, 117, 122, 127, 132, 137, 142, 147, 152, 157, 162, 167, 172]",[437] episode_20260108_142545.h5
1568,1.086714,0.958278,0.128436,0.158020,6.88,"[437, 437, 437, 437, 437, 437, 437, 437, 437, 437, 437, 437, 437, 437, 437, 437]","[177, 182, 187, 192, 197, 202, 207, 212, 217, 222, 227, 232, 237, 242, 247, 252]",[437] episode_20260108_142545.h5
1573,1.625040,1.492409,0.132630,0.176614,9.20,"[438, 438, 438, 438, 438, 438, 438, 438, 438, 438, 438, 438, 438, 438, 438, 438]","[151, 156, 161, 166, 171, 176, 181, 186, 191, 196, 201, 206, 211, 216, 221, 226]",[438] episode_20260108_142725.h5
1574,0.866402,0.762899,0.103503,0.184483,4.70,"[438, 438, 438, 438, 438, 438, 438, 438, 438, 438, 438, 438, 438, 438, 438, 438]","[231, 236, 241, 246, 251, 256, 261, 266, 271, 276, 281, 286, 291, 296, 301, 306]",[438] episode_20260108_142725.h5
1579,1.832692,1.674660,0.158032,0.204335,8.97,"[439, 439, 439, 439, 439, 439, 439, 439, 439, 439, 439, 439, 439, 439, 439, 439]","[193, 198, 203, 208, 213, 218, 223, 228, 233, 238, 243, 248, 253, 258, 263, 268]",[439] episode_20260108_142911.h5
1585,1.334428,1.182760,0.151668,0.210916,6.33,"[440, 440, 440, 440, 440, 440, 440, 440, 440, 440, 440, 440, 440, 440, 440, 440]","[143, 148, 153, 158, 163, 168, 173, 178, 183, 188, 193, 198, 203, 208, 213, 218]",[440] episode_20260108_143044.h5
1591,2.757515,2.616061,0.141454,0.237078,11.63,"[441, 441, 441, 441, 441, 441, 441, 441, 441, 441, 441, 441, 441, 441, 441, 441]","[192, 197, 202, 207, 212, 217, 222, 227, 232, 237, 242, 247, 252, 257, 262, 267]",[441] episode_20260108_143239.h5
1596,1.367496,1.310677,0.056818,0.246878,5.54,"[442, 442, 442, 442, 442, 442, 442, 442, 442, 442, 442, 442, 442, 442, 442, 442]","[129, 134, 139, 144, 149, 154, 159, 164, 169, 174, 179, 184, 189, 194, 199, 204]",[442] episode_20260108_161306.h5
1603,1.043613,0.934657,0.108956,0.264089,3.95,"[443, 443, 443, 443, 443, 443, 443, 443, 443, 443, 443, 443, 443, 443, 443, 443]","[153, 158, 163, 168, 173, 178, 183, 188, 193, 198, 203, 208, 213, 218, 223, 228]",[443] episode_20260108_161442.h5
1605,3.642223,3.423403,0.218820,0.302500,12.04,"[443, 443, 443, 443, 443, 443, 443, 443, 443, 443, 443, 443, 443, 443, 443, 443]","[313, 318, 323, 328, 333, 338, 343, 348, 353, 358, 363, 368, 373, 378, 383, 388]",[443] episode_20260108_161442.h5
1615,2.736047,2.614169,0.121878,0.336159,8.14,"[445, 445, 445, 445, 445, 445, 445, 445, 445, 445, 445, 445, 445, 445, 445, 445]","[79, 84, 89, 94, 99, 104, 109, 114, 119, 124, 129, 134, 139, 144, 149, 154]",[445] episode_20260108_161859.h5
1619,1.688607,1.641697,0.046910,0.354630,4.76,"[446, 446, 446, 446, 446, 446, 446, 446, 446, 446, 446, 446, 446, 446, 446, 446]","[124, 129, 134, 139, 144, 149, 154, 159, 164, 169, 174, 179, 184, 189, 194, 199]",[446] episode_20260108_162048.h5
1626,1.675427,1.593899,0.081528,0.371546,4.51,"[447, 447, 447, 447, 447, 447, 447, 447, 447, 447, 447, 447, 447, 447, 447, 447]","[70, 75, 80, 85, 90, 95, 100, 105, 110, 115, 120, 125, 130, 135, 140, 145]",[447] episode_20260108_162234.h5
1629,3.633341,3.306440,0.326902,0.418352,8.68,"[447, 447, 447, 447, 447, 447, 447, 447, 447, 447, 447, 447, 447, 447, 447, 447]","[310, 315, 320, 325, 330, 335, 340, 345, 350, 355, 360, 365, 370, 375, 380, 385]",[447] episode_20260108_162234.h5
1644,2.015260,1.853523,0.161737,0.458486,4.40,"[449, 449, 449, 449, 449, 449, 449, 449, 449, 449, 449, 449, 449, 449, 449, 449]","[167, 172, 177, 182, 187, 192, 197, 202, 207, 212, 217, 222, 227, 232, 237, 242]",[449] episode_20260108_162829.h5
1649,1.711388,1.654910,0.056478,0.473844,3.61,"[450, 450, 450, 450, 450, 450, 450, 450, 450, 450, 450, 450, 450, 450, 450, 450]","[20, 25, 30, 35, 40, 45, 50, 55, 60, 65, 70, 75, 80, 85, 90, 95]",[450] episode_20260108_163044.h5
1655,2.793840,2.540287,0.253554,0.509020,5.49,"[451, 451, 451, 451, 451, 451, 451, 451, 451, 451, 451, 451, 451, 451, 451, 451]","[105, 110, 115, 120, 125, 130, 135, 140, 145, 150, 155, 160, 165, 170, 175, 180]",[451] episode_20260108_163122.h5
1879,0.656434,0.654703,0.001731,0.074557,8.80,"[482, 482, 483, 483, 483, 483, 483, 483, 483, 483, 483, 483, 483, 483, 483, 483]","[320, 325, 0, 5, 10, 15, 20, 25, 30, 35, 40, 45, 50, 55, 60, 65]",[482] episode_20260108_160315.h5; [483] episode_20260108_160435.h5
1880,0.376034,0.372751,0.003283,0.077505,4.85,"[483, 483, 483, 483, 483, 483, 483, 483, 483, 483, 483, 483, 483, 483, 483, 483]","[70, 75, 80, 85, 90, 95, 100, 105, 110, 115, 120, 125, 130, 135, 140, 145]",[483] episode_20260108_160435.h5
1892,0.317403,0.315130,0.002273,0.087472,3.63,"[484, 484, 485, 485, 485, 485, 485, 485, 485, 485, 485, 485, 485, 485, 485, 485]","[446, 451, 1, 6, 11, 16, 21, 26, 31, 36, 41, 46, 51, 56, 61, 66]",[484] episode_20260108_160611.h5; [485] episode_20260108_160651.h5
1911,0.364071,0.360164,0.003907,0.103989,3.50,"[488, 488, 488, 488, 488, 488, 488, 488, 488, 488, 488, 488, 488, 488, 488, 488]","[85, 90, 95, 100, 105, 110, 115, 120, 125, 130, 135, 140, 145, 150, 155, 160]",[488] episode_20260108_160901.h5
1917,0.347830,0.343111,0.004719,0.104462,3.33,"[489, 489, 489, 489, 489, 489, 489, 489, 489, 489, 489, 489, 489, 489, 489, 489]","[162, 167, 172, 177, 182, 187, 192, 197, 202, 207, 212, 217, 222, 227, 232, 237]",[489] episode_20260109_133109.h5
1922,0.523495,0.520958,0.002537,0.113291,4.62,"[490, 490, 490, 490, 490, 490, 490, 490, 490, 490, 490, 490, 490, 490, 490, 490]","[59, 64, 69, 74, 79, 84, 89, 94, 99, 104, 109, 114, 119, 124, 129, 134]",[490] episode_20260109_133202.h5
1924,0.377570,0.373624,0.003946,0.117125,3.22,"[490, 490, 490, 490, 490, 490, 490, 490, 490, 490, 490, 490, 490, 490, 490, 490]","[219, 224, 229, 234, 239, 244, 249, 254, 259, 264, 269, 274, 279, 284, 289, 294]",[490] episode_20260109_133202.h5
1952,0.426441,0.420872,0.005569,0.129426,3.29,"[494, 494, 494, 494, 494, 494, 494, 494, 494, 494, 494, 494, 494, 494, 494, 494]","[31, 36, 41, 46, 51, 56, 61, 66, 71, 76, 81, 86, 91, 96, 101, 106]",[494] episode_20260109_133530.h5
2154,0.413765,0.408023,0.005742,0.131022,3.16,"[525, 525, 525, 525, 525, 525, 525, 525, 525, 525, 525, 525, 525, 525, 525, 525]","[59, 64, 69, 74, 79, 84, 89, 94, 99, 104, 109, 114, 119, 124, 129, 134]",[525] episode_20260109_142107.h5
2422,0.354059,0.347361,0.006699,0.086934,4.07,"[582, 582, 582, 582, 582, 582, 582, 582, 582, 582, 582, 582, 582, 582, 582, 582]","[42, 47, 52, 57, 62, 67, 72, 77, 82, 87, 92, 97, 102, 107, 112, 117]",[582] episode_20260112_155245.h5
2439,0.278704,0.270469,0.008235,0.091858,3.03,"[586, 586, 586, 586, 586, 586, 586, 586, 586, 586, 586, 586, 586, 586, 586, 586]","[85, 90, 95, 100, 105, 110, 115, 120, 125, 130, 135, 140, 145, 150, 155, 160]",[586] episode_20260112_155426.h5
2451,0.338737,0.333705,0.005032,0.089324,3.79,"[589, 589, 589, 589, 589, 589, 589, 589, 589, 589, 589, 589, 589, 589, 589, 589]","[56, 61, 66, 71, 76, 81, 86, 91, 96, 101, 106, 111, 116, 121, 126, 131]",[589] episode_20260112_155653.h5
2630,0.287503,0.282648,0.004855,0.089311,3.22,"[637, 637, 637, 637, 637, 637, 637, 637, 637, 637, 637, 637, 637, 637, 637, 637]","[76, 81, 86, 91, 96, 101, 106, 111, 116, 121, 126, 131, 136, 141, 146, 151]",[637] episode_20260114_151115.h5
2631,0.278346,0.273479,0.004866,0.091705,3.04,"[637, 637, 637, 637, 637, 637, 637, 637, 637, 637, 637, 637, 637, 637, 637, 637]","[156, 161, 166, 171, 176, 181, 186, 191, 196, 201, 206, 211, 216, 221, 226, 231]",[637] episode_20260114_151115.h5
2632,0.420127,0.412292,0.007835,0.094932,4.43,"[637, 637, 637, 637, 637, 637, 637, 637, 637, 637, 637, 637, 637, 637, 637, 637]","[236, 241, 246, 251, 256, 261, 266, 271, 276, 281, 286, 291, 296, 301, 306, 311]",[637] episode_20260114_151115.h5
2818,0.353636,0.348042,0.005594,0.111066,3.18,"[694, 694, 694, 695, 695, 695, 695, 695, 695, 695, 695, 695, 695, 695, 695, 695]","[310, 315, 320, 0, 5, 10, 15, 20, 25, 30, 35, 40, 45, 50, 55, 60]",[694] episode_20260114_155717.h5; [695] episode_20260114_155745.h5
2819,0.466783,0.464595,0.002189,0.115390,4.05,"[695, 695, 695, 695, 695, 695, 695, 695, 695, 695, 695, 695, 695, 695, 695, 695]","[65, 70, 75, 80, 85, 90, 95, 100, 105, 110, 115, 120, 125, 130, 135, 140]",[695] episode_20260114_155745.h5
2820,0.422640,0.415000,0.007641,0.118618,3.56,"[695, 695, 695, 695, 695, 695, 695, 695, 695, 695, 695, 695, 695, 695, 695, 695]","[145, 150, 155, 160, 165, 170, 175, 180, 185, 190, 195, 200, 205, 210, 215, 220]",[695] episode_20260114_155745.h5
2821,0.456261,0.450431,0.005831,0.121640,3.75,"[695, 695, 695, 695, 695, 695, 695, 695, 695, 695, 695, 695, 695, 695, 695, 695]","[225, 230, 235, 240, 245, 250, 255, 260, 265, 270, 275, 280, 285, 290, 295, 300]",[695] episode_20260114_155745.h5
2990,0.341947,0.333924,0.008023,0.101837,3.36,"[750, 750, 750, 750, 750, 750, 750, 750, 750, 750, 750, 750, 750, 750, 750, 750]","[59, 64, 69, 74, 79, 84, 89, 94, 99, 104, 109, 114, 119, 124, 129, 134]",[750] episode_20260115_135903.h5
3043,0.397966,0.391724,0.006242,0.096057,4.14,"[768, 768, 768, 768, 768, 768, 768, 768, 768, 768, 768, 768, 768, 768, 768, 768]","[81, 86, 91, 96, 101, 106, 111, 116, 121, 126, 131, 136, 141, 146, 151, 156]",[768] episode_20260116_093317.h5
3172,0.273408,0.267512,0.005897,0.087141,3.14,"[813, 813, 813, 813, 813, 813, 813, 813, 813, 813, 813, 813, 813, 813, 813, 813]","[116, 121, 126, 131, 136, 141, 146, 151, 156, 161, 166, 171, 176, 181, 186, 191]",[813] episode_20260116_101501.h5
3179,6.862257,6.834635,0.027622,0.154777,44.34,"[814, 814, 814, 814, 814, 814, 814, 814, 814, 814, 814, 814, 814, 814, 814, 814]","[67, 72, 77, 82, 87, 92, 97, 102, 107, 112, 117, 122, 127, 132, 137, 142]",[814] episode_20260116_101531.h5
3180,6.630809,6.603246,0.027563,0.220255,30.11,"[814, 814, 814, 814, 814, 814, 814, 814, 814, 814, 814, 814, 814, 814, 814, 814]","[147, 152, 157, 162, 167, 172, 177, 182, 187, 192, 197, 202, 207, 212, 217, 222]",[814] episode_20260116_101531.h5
3375,0.119268,0.118297,0.000970,0.033518,3.56,"[45, 45, 45, 45, 45, 45, 45, 45, 45, 45, 45, 45, 45, 45, 45, 45]","[41, 46, 51, 56, 61, 66, 71, 76, 81, 86, 91, 96, 101, 106, 111, 116]",[45] episode_20260106_141045_trimmed_0_327.h5
3529,0.115632,0.114704,0.000928,0.038161,3.03,"[96, 96, 96, 96, 96, 96, 96, 96, 96, 96, 96, 96, 96, 96, 96, 96]","[150, 155, 160, 165, 170, 175, 180, 185, 190, 195, 200, 205, 210, 215, 220, 225]",[96] episode_20260106_144713.h5
3730,0.220749,0.217929,0.002820,0.040611,5.44,"[154, 154, 154, 154, 154, 154, 154, 154, 154, 154, 154, 154, 154, 154, 154, 154]","[2, 7, 12, 17, 22, 27, 32, 37, 42, 47, 52, 57, 62, 67, 72, 77]",[154] episode_20260106_171646.h5
3735,0.141033,0.139226,0.001808,0.042457,3.32,"[154, 154, 154, 154, 154, 154, 154, 154, 155, 155, 155, 155, 155, 155, 155, 155]","[402, 407, 412, 417, 422, 427, 432, 437, 4, 9, 14, 19, 24, 29, 34, 39]",[154] episode_20260106_171646.h5; [155] episode_20260106_171812.h5
3739,0.221597,0.200038,0.021559,0.044373,4.99,"[155, 155, 155, 155, 156, 156, 156, 156, 156, 156, 156, 156, 156, 156, 156, 156]","[284, 289, 294, 299, 4, 9, 14, 19, 24, 29, 34, 39, 44, 49, 54, 59]",[155] episode_20260106_171812.h5; [156] episode_20260107_134251.h5
3743,0.266274,0.240291,0.025983,0.049008,5.43,"[157, 157, 157, 157, 157, 157, 157, 157, 157, 157, 157, 157, 157, 157, 157, 157]","[30, 35, 40, 45, 50, 55, 60, 65, 70, 75, 80, 85, 90, 95, 100, 105]",[157] episode_20260107_134411.h5
3744,0.295983,0.267047,0.028936,0.051659,5.73,"[157, 157, 157, 157, 157, 157, 157, 157, 157, 157, 157, 157, 157, 157, 157, 157]","[110, 115, 120, 125, 130, 135, 140, 145, 150, 155, 160, 165, 170, 175, 180, 185]",[157] episode_20260107_134411.h5
3746,0.189442,0.168731,0.020711,0.054017,3.51,"[157, 157, 157, 157, 157, 158, 158, 158, 158, 158, 158, 158, 158, 158, 158, 158]","[270, 275, 280, 285, 290, 0, 5, 10, 15, 20, 25, 30, 35, 40, 45, 50]",[157] episode_20260107_134411.h5; [158] episode_20260107_134552.h5
3755,0.248253,0.241430,0.006822,0.061852,4.01,"[161, 161, 161, 161, 161, 161, 161, 161, 161, 161, 161, 161, 161, 161, 161, 161]","[12, 17, 22, 27, 32, 37, 42, 47, 52, 57, 62, 67, 72, 77, 82, 87]",[161] episode_20260107_135121.h5
3921,0.215400,0.214792,0.000608,0.050935,4.23,"[210, 210, 210, 210, 210, 210, 210, 210, 211, 211, 211, 211, 211, 211, 211, 211]","[388, 393, 398, 403, 408, 413, 418, 423, 2, 7, 12, 17, 22, 27, 32, 37]",[210] episode_20260107_141821.h5; [211] episode_20260107_141852.h5
4078,0.097877,0.097211,0.000667,0.032075,3.05,"[257, 257, 257, 257, 257, 257, 257, 257, 257, 257, 257, 257, 257, 257, 257, 257]","[206, 211, 216, 221, 226, 231, 236, 241, 246, 251, 256, 261, 266, 271, 276, 281]",[257] episode_20260107_163303.h5
4311,0.506049,0.491406,0.014643,0.041419,12.22,"[316, 316, 316, 316, 316, 316, 316, 316, 316, 316, 316, 316, 316, 316, 316, 316]","[14, 19, 24, 29, 34, 39, 44, 49, 54, 59, 64, 69, 74, 79, 84, 89]",[316] episode_20260107_173105.h5
4312,0.156591,0.141038,0.015553,0.042683,3.67,"[316, 316, 316, 316, 316, 316, 316, 316, 316, 316, 316, 316, 316, 316, 316, 316]","[94, 99, 104, 109, 114, 119, 124, 129, 134, 139, 144, 149, 154, 159, 164, 169]",[316] episode_20260107_173105.h5
4315,0.518891,0.516195,0.002695,0.048857,10.62,"[317, 317, 317, 317, 317, 317, 317, 317, 317, 317, 317, 317, 317, 317, 317, 317]","[14, 19, 24, 29, 34, 39, 44, 49, 54, 59, 64, 69, 74, 79, 84, 89]",[317] episode_20260107_173232.h5
4318,0.316338,0.314475,0.001863,0.052404,6.04,"[317, 317, 317, 317, 317, 318, 318, 318, 318, 318, 318, 318, 318, 318, 318, 318]","[254, 259, 264, 269, 274, 1, 6, 11, 16, 21, 26, 31, 36, 41, 46, 51]",[317] episode_20260107_173232.h5; [318] episode_20260107_173510.h5
4321,0.179235,0.175886,0.003349,0.056153,3.19,"[319, 319, 319, 319, 319, 319, 319, 319, 319, 319, 319, 319, 319, 319, 319, 319]","[29, 34, 39, 44, 49, 54, 59, 64, 69, 74, 79, 84, 89, 94, 99, 104]",[319] episode_20260106_182640.h5
4324,0.208464,0.206019,0.002445,0.058640,3.55,"[319, 320, 320, 320, 320, 320, 320, 320, 320, 320, 320, 320, 320, 320, 320, 320]","[269, 0, 5, 10, 15, 20, 25, 30, 35, 40, 45, 50, 55, 60, 65, 70]",[319] episode_20260106_182640.h5; [320] episode_20260108_151331.h5
4338,0.292117,0.284602,0.007515,0.068916,4.24,"[325, 325, 325, 325, 325, 325, 325, 325, 325, 325, 325, 325, 325, 325, 325, 325]","[59, 64, 69, 74, 79, 84, 89, 94, 99, 104, 109, 114, 119, 124, 129, 134]",[325] episode_20260108_151902.h5
4670,0.258170,0.251649,0.006521,0.050794,5.08,"[424, 424, 424, 424, 424, 424, 424, 424, 424, 424, 424, 424, 424, 424, 424, 424]","[271, 276, 281, 286, 291, 296, 301, 306, 311, 316, 321, 326, 331, 336, 341, 346]",[424] episode_20260108_170020.h5
4671,0.241978,0.236955,0.005023,0.052235,4.63,"[424, 424, 424, 424, 424, 424, 424, 424, 424, 424, 424, 424, 424, 424, 424, 424]","[351, 356, 361, 366, 371, 376, 381, 386, 391, 396, 401, 406, 411, 416, 421, 426]",[424] episode_20260108_170020.h5
4678,0.220953,0.216320,0.004633,0.055787,3.96,"[425, 425, 425, 425, 425, 425, 425, 425, 425, 425, 425, 425, 425, 425, 425, 425]","[143, 148, 153, 158, 163, 168, 173, 178, 183, 188, 193, 198, 203, 208, 213, 218]",[425] episode_20260108_170147.h5
4683,0.266022,0.262755,0.003267,0.059590,4.46,"[426, 426, 426, 426, 426, 426, 426, 426, 426, 426, 426, 426, 426, 426, 426, 426]","[70, 75, 80, 85, 90, 95, 100, 105, 110, 115, 120, 125, 130, 135, 140, 145]",[426] episode_20260108_170348.h5
4684,0.191472,0.188260,0.003212,0.061062,3.14,"[426, 426, 426, 426, 426, 426, 426, 426, 426, 426, 426, 426, 426, 426, 426, 426]","[150, 155, 160, 165, 170, 175, 180, 185, 190, 195, 200, 205, 210, 215, 220, 225]",[426] episode_20260108_170348.h5
4688,0.258514,0.255975,0.002539,0.063932,4.04,"[427, 427, 427, 427, 427, 427, 427, 427, 427, 427, 427, 427, 427, 427, 427, 427]","[69, 74, 79, 84, 89, 94, 99, 104, 109, 114, 119, 124, 129, 134, 139, 144]",[427] episode_20260108_170535.h5
4698,0.361648,0.358645,0.003003,0.072603,4.98,"[429, 429, 429, 429, 429, 429, 429, 429, 429, 429, 429, 429, 429, 429, 429, 429]","[71, 76, 81, 86, 91, 96, 101, 106, 111, 116, 121, 126, 131, 136, 141, 146]",[429] episode_20260108_141011.h5
4701,0.258807,0.252087,0.006720,0.077025,3.36,"[429, 429, 429, 429, 429, 429, 429, 429, 429, 429, 429, 429, 429, 429, 429, 429]","[311, 316, 321, 326, 331, 336, 341, 346, 351, 356, 361, 366, 371, 376, 381, 386]",[429] episode_20260108_141011.h5
4744,0.368642,0.363632,0.005011,0.103904,3.55,"[435, 435, 435, 435, 435, 435, 435, 435, 435, 435, 435, 435, 435, 435, 435, 435]","[136, 141, 146, 151, 156, 161, 166, 171, 176, 181, 186, 191, 196, 201, 206, 211]",[435] episode_20260108_142309.h5
4750,2.339052,2.210793,0.128259,0.130256,17.96,"[436, 436, 436, 436, 436, 436, 436, 436, 436, 436, 436, 436, 436, 436, 436, 436]","[202, 207, 212, 217, 222, 227, 232, 237, 242, 247, 252, 257, 262, 267, 272, 277]",[436] episode_20260108_142443.h5
4756,1.187296,1.058860,0.128436,0.144421,8.22,"[437, 437, 437, 437, 437, 437, 437, 437, 437, 437, 437, 437, 437, 437, 437, 437]","[177, 182, 187, 192, 197, 202, 207, 212, 217, 222, 227, 232, 237, 242, 247, 252]",[437] episode_20260108_142545.h5
4761,1.167486,1.034856,0.132630,0.156686,7.45,"[438, 438, 438, 438, 438, 438, 438, 438, 438, 438, 438, 438, 438, 438, 438, 438]","[151, 156, 161, 166, 171, 176, 181, 186, 191, 196, 201, 206, 211, 216, 221, 226]",[438] episode_20260108_142725.h5
4767,1.469060,1.311028,0.158032,0.175558,8.37,"[439, 439, 439, 439, 439, 439, 439, 439, 439, 439, 439, 439, 439, 439, 439, 439]","[193, 198, 203, 208, 213, 218, 223, 228, 233, 238, 243, 248, 253, 258, 263, 268]",[439] episode_20260108_142911.h5
4773,1.461538,1.309870,0.151668,0.184995,7.90,"[440, 440, 440, 440, 440, 440, 440, 440, 440, 440, 440, 440, 440, 440, 440, 440]","[143, 148, 153, 158, 163, 168, 173, 178, 183, 188, 193, 198, 203, 208, 213, 218]",[440] episode_20260108_143044.h5
4779,1.804560,1.663106,0.141454,0.204361,8.83,"[441, 441, 441, 441, 441, 441, 441, 441, 441, 441, 441, 441, 441, 441, 441, 441]","[192, 197, 202, 207, 212, 217, 222, 227, 232, 237, 242, 247, 252, 257, 262, 267]",[441] episode_20260108_143239.h5
4784,1.362804,1.305985,0.056818,0.213976,6.37,"[442, 442, 442, 442, 442, 442, 442, 442, 442, 442, 442, 442, 442, 442, 442, 442]","[129, 134, 139, 144, 149, 154, 159, 164, 169, 174, 179, 184, 189, 194, 199, 204]",[442] episode_20260108_161306.h5
4790,1.203247,1.119389,0.083858,0.226813,5.31,"[443, 443, 443, 443, 443, 443, 443, 443, 443, 443, 443, 443, 443, 443, 443, 443]","[73, 78, 83, 88, 93, 98, 103, 108, 113, 118, 123, 128, 133, 138, 143, 148]",[443] episode_20260108_161442.h5
4791,0.744517,0.635561,0.108956,0.233885,3.18,"[443, 443, 443, 443, 443, 443, 443, 443, 443, 443, 443, 443, 443, 443, 443, 443]","[153, 158, 163, 168, 173, 178, 183, 188, 193, 198, 203, 208, 213, 218, 223, 228]",[443] episode_20260108_161442.h5
4793,3.579925,3.361105,0.218820,0.271655,13.18,"[443, 443, 443, 443, 443, 443, 443, 443, 443, 443, 443, 443, 443, 443, 443, 443]","[313, 318, 323, 328, 333, 338, 343, 348, 353, 358, 363, 368, 373, 378, 383, 388]",[443] episode_20260108_161442.h5
4803,2.397936,2.276058,0.121878,0.295626,8.11,"[445, 445, 445, 445, 445, 445, 445, 445, 445, 445, 445, 445, 445, 445, 445, 445]","[79, 84, 89, 94, 99, 104, 109, 114, 119, 124, 129, 134, 139, 144, 149, 154]",[445] episode_20260108_161859.h5
4807,1.599394,1.552484,0.046910,0.314607,5.08,"[446, 446, 446, 446, 446, 446, 446, 446, 446, 446, 446, 446, 446, 446, 446, 446]","[124, 129, 134, 139, 144, 149, 154, 159, 164, 169, 174, 179, 184, 189, 194, 199]",[446] episode_20260108_162048.h5
4814,1.147883,1.066355,0.081528,0.327009,3.51,"[447, 447, 447, 447, 447, 447, 447, 447, 447, 447, 447, 447, 447, 447, 447, 447]","[70, 75, 80, 85, 90, 95, 100, 105, 110, 115, 120, 125, 130, 135, 140, 145]",[447] episode_20260108_162234.h5
4817,2.924831,2.597930,0.326902,0.362971,8.06,"[447, 447, 447, 447, 447, 447, 447, 447, 447, 447, 447, 447, 447, 447, 447, 447]","[310, 315, 320, 325, 330, 335, 340, 345, 350, 355, 360, 365, 370, 375, 380, 385]",[447] episode_20260108_162234.h5
4823,1.919314,1.840890,0.078424,0.382637,5.02,"[448, 448, 448, 448, 448, 448, 448, 448, 448, 448, 448, 448, 448, 448, 448, 448]","[123, 128, 133, 138, 143, 148, 153, 158, 163, 168, 173, 178, 183, 188, 193, 198]",[448] episode_20260108_162624.h5
4832,3.052967,2.891230,0.161737,0.420421,7.26,"[449, 449, 449, 449, 449, 449, 449, 449, 449, 449, 449, 449, 449, 449, 449, 449]","[167, 172, 177, 182, 187, 192, 197, 202, 207, 212, 217, 222, 227, 232, 237, 242]",[449] episode_20260108_162829.h5
4837,2.368024,2.311546,0.056478,0.442407,5.35,"[450, 450, 450, 450, 450, 450, 450, 450, 450, 450, 450, 450, 450, 450, 450, 450]","[20, 25, 30, 35, 40, 45, 50, 55, 60, 65, 70, 75, 80, 85, 90, 95]",[450] episode_20260108_163044.h5
4838,1.394297,1.359899,0.034397,0.454302,3.07,"[450, 450, 450, 450, 450, 450, 450, 450, 450, 450, 450, 450, 450, 450, 450, 450]","[100, 105, 110, 115, 120, 125, 130, 135, 140, 145, 150, 155, 160, 165, 170, 175]",[450] episode_20260108_163044.h5
4843,1.898052,1.644498,0.253554,0.476755,3.98,"[451, 451, 451, 451, 451, 451, 451, 451, 451, 451, 451, 451, 451, 451, 451, 451]","[105, 110, 115, 120, 125, 130, 135, 140, 145, 150, 155, 160, 165, 170, 175, 180]",[451] episode_20260108_163122.h5
5063,0.172967,0.171276,0.001690,0.056870,3.04,"[482, 482, 482, 482, 482, 482, 482, 482, 482, 482, 482, 482, 482, 482, 482, 482]","[0, 5, 10, 15, 20, 25, 30, 35, 40, 45, 50, 55, 60, 65, 70, 75]",[482] episode_20260108_160315.h5
5067,0.631925,0.630194,0.001731,0.062922,10.04,"[482, 482, 483, 483, 483, 483, 483, 483, 483, 483, 483, 483, 483, 483, 483, 483]","[320, 325, 0, 5, 10, 15, 20, 25, 30, 35, 40, 45, 50, 55, 60, 65]",[482] episode_20260108_160315.h5; [483] episode_20260108_160435.h5
5068,0.332044,0.328761,0.003283,0.065550,5.07,"[483, 483, 483, 483, 483, 483, 483, 483, 483, 483, 483, 483, 483, 483, 483, 483]","[70, 75, 80, 85, 90, 95, 100, 105, 110, 115, 120, 125, 130, 135, 140, 145]",[483] episode_20260108_160435.h5
5075,0.254652,0.251729,0.002923,0.070844,3.59,"[484, 484, 484, 484, 484, 484, 484, 484, 484, 484, 484, 484, 484, 484, 484, 484]","[46, 51, 56, 61, 66, 71, 76, 81, 86, 91, 96, 101, 106, 111, 116, 121]",[484] episode_20260108_160611.h5
5080,0.237353,0.235081,0.002273,0.073976,3.21,"[484, 484, 485, 485, 485, 485, 485, 485, 485, 485, 485, 485, 485, 485, 485, 485]","[446, 451, 1, 6, 11, 16, 21, 26, 31, 36, 41, 46, 51, 56, 61, 66]",[484] episode_20260108_160611.h5; [485] episode_20260108_160651.h5
5086,0.288493,0.286791,0.001702,0.078360,3.68,"[486, 486, 486, 486, 486, 486, 486, 486, 486, 486, 486, 486, 486, 486, 486, 486]","[44, 49, 54, 59, 64, 69, 74, 79, 84, 89, 94, 99, 104, 109, 114, 119]",[486] episode_20260108_160734.h5
5099,0.303644,0.299737,0.003907,0.087693,3.46,"[488, 488, 488, 488, 488, 488, 488, 488, 488, 488, 488, 488, 488, 488, 488, 488]","[85, 90, 95, 100, 105, 110, 115, 120, 125, 130, 135, 140, 145, 150, 155, 160]",[488] episode_20260108_160901.h5
5105,0.413258,0.408539,0.004719,0.089913,4.60,"[489, 489, 489, 489, 489, 489, 489, 489, 489, 489, 489, 489, 489, 489, 489, 489]","[162, 167, 172, 177, 182, 187, 192, 197, 202, 207, 212, 217, 222, 227, 232, 237]",[489] episode_20260109_133109.h5
5110,0.318799,0.316262,0.002537,0.095793,3.33,"[490, 490, 490, 490, 490, 490, 490, 490, 490, 490, 490, 490, 490, 490, 490, 490]","[59, 64, 69, 74, 79, 84, 89, 94, 99, 104, 109, 114, 119, 124, 129, 134]",[490] episode_20260109_133202.h5
5112,0.388175,0.384229,0.003946,0.099644,3.90,"[490, 490, 490, 490, 490, 490, 490, 490, 490, 490, 490, 490, 490, 490, 490, 490]","[219, 224, 229, 234, 239, 244, 249, 254, 259, 264, 269, 274, 279, 284, 289, 294]",[490] episode_20260109_133202.h5
5150,0.487375,0.483921,0.003455,0.116410,4.19,"[495, 495, 495, 495, 495, 495, 495, 495, 495, 495, 495, 495, 495, 495, 495, 495]","[47, 52, 57, 62, 67, 72, 77, 82, 87, 92, 97, 102, 107, 112, 117, 122]",[495] episode_20260109_133609.h5
5227,0.309042,0.302759,0.006283,0.101262,3.05,"[506, 506, 506, 506, 506, 506, 506, 506, 506, 506, 506, 506, 506, 506, 506, 506]","[99, 104, 109, 114, 119, 124, 129, 134, 139, 144, 149, 154, 159, 164, 169, 174]",[506] episode_20260109_135651.h5
5336,0.358275,0.351542,0.006733,0.109844,3.26,"[524, 524, 524, 524, 524, 524, 524, 524, 524, 524, 524, 524, 524, 524, 524, 524]","[16, 21, 26, 31, 36, 41, 46, 51, 56, 61, 66, 71, 76, 81, 86, 91]",[524] episode_20260109_142014.h5
5342,0.338559,0.332816,0.005742,0.111818,3.03,"[525, 525, 525, 525, 525, 525, 525, 525, 525, 525, 525, 525, 525, 525, 525, 525]","[59, 64, 69, 74, 79, 84, 89, 94, 99, 104, 109, 114, 119, 124, 129, 134]",[525] episode_20260109_142107.h5
5410,0.372446,0.365223,0.007223,0.124010,3.00,"[535, 535, 535, 535, 535, 535, 535, 535, 535, 535, 535, 535, 535, 535, 535, 535]","[164, 169, 174, 179, 184, 189, 194, 199, 204, 209, 214, 219, 224, 229, 234, 239]",[535] episode_20260109_143019.h5
5610,0.304113,0.297414,0.006699,0.076372,3.98,"[582, 582, 582, 582, 582, 582, 582, 582, 582, 582, 582, 582, 582, 582, 582, 582]","[42, 47, 52, 57, 62, 67, 72, 77, 82, 87, 92, 97, 102, 107, 112, 117]",[582] episode_20260112_155245.h5
5612,0.283937,0.277999,0.005937,0.077330,3.67,"[582, 582, 582, 582, 582, 582, 582, 582, 582, 582, 582, 582, 582, 582, 582, 582]","[202, 207, 212, 217, 222, 227, 232, 237, 242, 247, 252, 257, 262, 267, 272, 277]",[582] episode_20260112_155245.h5
5616,0.317138,0.313219,0.003919,0.079628,3.98,"[583, 583, 583, 583, 583, 583, 583, 583, 583, 583, 583, 583, 583, 583, 583, 583]","[39, 44, 49, 54, 59, 64, 69, 74, 79, 84, 89, 94, 99, 104, 109, 114]",[583] episode_20260112_155309.h5
5617,0.245287,0.238908,0.006380,0.081079,3.03,"[583, 583, 583, 583, 583, 583, 583, 583, 583, 583, 583, 583, 583, 583, 583, 583]","[119, 124, 129, 134, 139, 144, 149, 154, 159, 164, 169, 174, 179, 184, 189, 194]",[583] episode_20260112_155309.h5
5783,0.254891,0.249243,0.005648,0.082492,3.09,"[625, 625, 625, 625, 625, 625, 625, 625, 625, 625, 625, 625, 625, 625, 625, 625]","[90, 95, 100, 105, 110, 115, 120, 125, 130, 135, 140, 145, 150, 155, 160, 165]",[625] episode_20260114_140855.h5
5793,0.251787,0.244321,0.007466,0.082293,3.06,"[628, 628, 628, 628, 628, 628, 628, 628, 628, 628, 628, 628, 628, 628, 628, 628]","[69, 74, 79, 84, 89, 94, 99, 104, 109, 114, 119, 124, 129, 134, 139, 144]",[628] episode_20260114_141033.h5
5818,0.341983,0.337127,0.004855,0.080195,4.26,"[637, 637, 637, 637, 637, 637, 637, 637, 637, 637, 637, 637, 637, 637, 637, 637]","[76, 81, 86, 91, 96, 101, 106, 111, 116, 121, 126, 131, 136, 141, 146, 151]",[637] episode_20260114_151115.h5
5820,0.283537,0.275702,0.007835,0.083710,3.39,"[637, 637, 637, 637, 637, 637, 637, 637, 637, 637, 637, 637, 637, 637, 637, 637]","[236, 241, 246, 251, 256, 261, 266, 271, 276, 281, 286, 291, 296, 301, 306, 311]",[637] episode_20260114_151115.h5
5884,0.308426,0.298143,0.010284,0.091509,3.37,"[657, 657, 657, 657, 657, 657, 657, 657, 657, 657, 657, 657, 657, 657, 657, 657]","[76, 81, 86, 91, 96, 101, 106, 111, 116, 121, 126, 131, 136, 141, 146, 151]",[657] episode_20260114_152138.h5
5940,0.337769,0.331899,0.005870,0.094880,3.56,"[676, 676, 676, 676, 676, 676, 676, 676, 676, 676, 676, 676, 676, 676, 676, 676]","[63, 68, 73, 78, 83, 88, 93, 98, 103, 108, 113, 118, 123, 128, 133, 138]",[676] episode_20260114_153138.h5
6231,0.264909,0.258667,0.006242,0.084083,3.15,"[768, 768, 768, 768, 768, 768, 768, 768, 768, 768, 768, 768, 768, 768, 768, 768]","[81, 86, 91, 96, 101, 106, 111, 116, 121, 126, 131, 136, 141, 146, 151, 156]",[768] episode_20260116_093317.h5
6367,3.696469,3.668846,0.027622,0.118178,31.28,"[814, 814, 814, 814, 814, 814, 814, 814, 814, 814, 814, 814, 814, 814, 814, 814]","[67, 72, 77, 82, 87, 92, 97, 102, 107, 112, 117, 122, 127, 132, 137, 142]",[814] episode_20260116_101531.h5
6368,6.086778,6.059215,0.027563,0.178205,34.16,"[814, 814, 814, 814, 814, 814, 814, 814, 814, 814, 814, 814, 814, 814, 814, 814]","[147, 152, 157, 162, 167, 172, 177, 182, 187, 192, 197, 202, 207, 212, 217, 222]",[814] episode_20260116_101531.h5
6591,0.115838,0.113871,0.001967,0.031343,3.70,"[52, 52, 52, 52, 52, 52, 52, 52, 52, 52, 52, 52, 52, 52, 52, 52]","[49, 54, 59, 64, 69, 74, 79, 84, 89, 94, 99, 104, 109, 114, 119, 124]",[52] episode_20260106_155851_trimmed_0_338.h5
6918,0.202178,0.199358,0.002820,0.036974,5.47,"[154, 154, 154, 154, 154, 154, 154, 154, 154, 154, 154, 154, 154, 154, 154, 154]","[2, 7, 12, 17, 22, 27, 32, 37, 42, 47, 52, 57, 62, 67, 72, 77]",[154] episode_20260106_171646.h5
6923,0.149265,0.147457,0.001808,0.038746,3.85,"[154, 154, 154, 154, 154, 154, 154, 154, 155, 155, 155, 155, 155, 155, 155, 155]","[402, 407, 412, 417, 422, 427, 432, 437, 4, 9, 14, 19, 24, 29, 34, 39]",[154] episode_20260106_171646.h5; [155] episode_20260106_171812.h5
6927,0.204209,0.182651,0.021559,0.040808,5.00,"[155, 155, 155, 155, 156, 156, 156, 156, 156, 156, 156, 156, 156, 156, 156, 156]","[284, 289, 294, 299, 4, 9, 14, 19, 24, 29, 34, 39, 44, 49, 54, 59]",[155] episode_20260106_171812.h5; [156] episode_20260107_134251.h5
6931,0.264065,0.238081,0.025983,0.045600,5.79,"[157, 157, 157, 157, 157, 157, 157, 157, 157, 157, 157, 157, 157, 157, 157, 157]","[30, 35, 40, 45, 50, 55, 60, 65, 70, 75, 80, 85, 90, 95, 100, 105]",[157] episode_20260107_134411.h5
6932,0.217560,0.188624,0.028936,0.047410,4.59,"[157, 157, 157, 157, 157, 157, 157, 157, 157, 157, 157, 157, 157, 157, 157, 157]","[110, 115, 120, 125, 130, 135, 140, 145, 150, 155, 160, 165, 170, 175, 180, 185]",[157] episode_20260107_134411.h5
6934,0.240449,0.219739,0.020711,0.050345,4.78,"[157, 157, 157, 157, 157, 158, 158, 158, 158, 158, 158, 158, 158, 158, 158, 158]","[270, 275, 280, 285, 290, 0, 5, 10, 15, 20, 25, 30, 35, 40, 45, 50]",[157] episode_20260107_134411.h5; [158] episode_20260107_134552.h5
6943,0.245778,0.238955,0.006822,0.057655,4.26,"[161, 161, 161, 161, 161, 161, 161, 161, 161, 161, 161, 161, 161, 161, 161, 161]","[12, 17, 22, 27, 32, 37, 42, 47, 52, 57, 62, 67, 72, 77, 82, 87]",[161] episode_20260107_135121.h5
6958,0.205637,0.202921,0.002716,0.063757,3.23,"[165, 165, 165, 165, 166, 166, 166, 166, 166, 166, 166, 166, 166, 166, 166, 166]","[223, 228, 233, 238, 3, 8, 13, 18, 23, 28, 33, 38, 43, 48, 53, 58]",[165] episode_20260107_135902.h5; [166] episode_20260107_140151.h5
7109,0.147887,0.147279,0.000608,0.045714,3.24,"[210, 210, 210, 210, 210, 210, 210, 210, 211, 211, 211, 211, 211, 211, 211, 211]","[388, 393, 398, 403, 408, 413, 418, 423, 2, 7, 12, 17, 22, 27, 32, 37]",[210] episode_20260107_141821.h5; [211] episode_20260107_141852.h5
7499,0.480644,0.466001,0.014643,0.037645,12.77,"[316, 316, 316, 316, 316, 316, 316, 316, 316, 316, 316, 316, 316, 316, 316, 316]","[14, 19, 24, 29, 34, 39, 44, 49, 54, 59, 64, 69, 74, 79, 84, 89]",[316] episode_20260107_173105.h5
7500,0.138260,0.122707,0.015553,0.038832,3.56,"[316, 316, 316, 316, 316, 316, 316, 316, 316, 316, 316, 316, 316, 316, 316, 316]","[94, 99, 104, 109, 114, 119, 124, 129, 134, 139, 144, 149, 154, 159, 164, 169]",[316] episode_20260107_173105.h5
7503,0.366758,0.364063,0.002695,0.043609,8.41,"[317, 317, 317, 317, 317, 317, 317, 317, 317, 317, 317, 317, 317, 317, 317, 317]","[14, 19, 24, 29, 34, 39, 44, 49, 54, 59, 64, 69, 74, 79, 84, 89]",[317] episode_20260107_173232.h5
7506,0.277993,0.276131,0.001863,0.046815,5.94,"[317, 317, 317, 317, 317, 318, 318, 318, 318, 318, 318, 318, 318, 318, 318, 318]","[254, 259, 264, 269, 274, 1, 6, 11, 16, 21, 26, 31, 36, 41, 46, 51]",[317] episode_20260107_173232.h5; [318] episode_20260107_173510.h5
7507,0.242322,0.237289,0.005033,0.049023,4.94,"[318, 318, 318, 318, 318, 318, 318, 318, 318, 318, 318, 318, 318, 318, 318, 318]","[56, 61, 66, 71, 76, 81, 86, 91, 96, 101, 106, 111, 116, 121, 126, 131]",[318] episode_20260107_173510.h5
7508,0.199595,0.199048,0.000547,0.050609,3.94,"[318, 318, 318, 318, 318, 318, 318, 318, 318, 318, 318, 319, 319, 319, 319, 319]","[136, 141, 146, 151, 156, 161, 166, 171, 176, 181, 186, 4, 9, 14, 19, 24]",[318] episode_20260107_173510.h5; [319] episode_20260106_182640.h5
7509,0.252629,0.249281,0.003349,0.052479,4.81,"[319, 319, 319, 319, 319, 319, 319, 319, 319, 319, 319, 319, 319, 319, 319, 319]","[29, 34, 39, 44, 49, 54, 59, 64, 69, 74, 79, 84, 89, 94, 99, 104]",[319] episode_20260106_182640.h5
7512,0.310941,0.308496,0.002445,0.056030,5.55,"[319, 320, 320, 320, 320, 320, 320, 320, 320, 320, 320, 320, 320, 320, 320, 320]","[269, 0, 5, 10, 15, 20, 25, 30, 35, 40, 45, 50, 55, 60, 65, 70]",[319] episode_20260106_182640.h5; [320] episode_20260108_151331.h5
7516,0.269894,0.266496,0.003398,0.059100,4.57,"[321, 321, 321, 321, 321, 321, 321, 321, 321, 321, 321, 321, 321, 321, 321, 321]","[21, 26, 31, 36, 41, 46, 51, 56, 61, 66, 71, 76, 81, 86, 91, 96]",[321] episode_20260108_151427.h5
7518,0.233136,0.231353,0.001783,0.061147,3.81,"[321, 321, 321, 322, 322, 322, 322, 322, 322, 322, 322, 322, 322, 322, 322, 322]","[181, 186, 191, 0, 5, 10, 15, 20, 25, 30, 35, 40, 45, 50, 55, 60]",[321] episode_20260108_151427.h5; [322] episode_20260108_151538.h5
7519,0.219906,0.216080,0.003826,0.062686,3.51,"[322, 322, 322, 322, 322, 322, 322, 322, 322, 322, 322, 322, 322, 322, 322, 322]","[65, 70, 75, 80, 85, 90, 95, 100, 105, 110, 115, 120, 125, 130, 135, 140]",[322] episode_20260108_151538.h5
7521,0.222346,0.219128,0.003218,0.065186,3.41,"[323, 323, 323, 323, 323, 323, 323, 323, 323, 323, 323, 323, 323, 323, 323, 323]","[13, 18, 23, 28, 33, 38, 43, 48, 53, 58, 63, 68, 73, 78, 83, 88]",[323] episode_20260108_151659.h5
7523,0.237799,0.234626,0.003173,0.067457,3.53,"[323, 324, 324, 324, 324, 324, 324, 324, 324, 324, 324, 324, 324, 324, 324, 324]","[173, 0, 5, 10, 15, 20, 25, 30, 35, 40, 45, 50, 55, 60, 65, 70]",[323] episode_20260108_151659.h5; [324] episode_20260108_151757.h5
7526,0.437331,0.429816,0.007515,0.073017,5.99,"[325, 325, 325, 325, 325, 325, 325, 325, 325, 325, 325, 325, 325, 325, 325, 325]","[59, 64, 69, 74, 79, 84, 89, 94, 99, 104, 109, 114, 119, 124, 129, 134]",[325] episode_20260108_151902.h5
7533,0.260782,0.254501,0.006281,0.079309,3.29,"[327, 327, 327, 327, 327, 327, 327, 327, 327, 327, 327, 327, 327, 327, 327, 327]","[44, 49, 54, 59, 64, 69, 74, 79, 84, 89, 94, 99, 104, 109, 114, 119]",[327] episode_20260108_152027.h5
7858,0.230889,0.224368,0.006521,0.052274,4.42,"[424, 424, 424, 424, 424, 424, 424, 424, 424, 424, 424, 424, 424, 424, 424, 424]","[271, 276, 281, 286, 291, 296, 301, 306, 311, 316, 321, 326, 331, 336, 341, 346]",[424] episode_20260108_170020.h5
7859,0.244002,0.238979,0.005023,0.053503,4.56,"[424, 424, 424, 424, 424, 424, 424, 424, 424, 424, 424, 424, 424, 424, 424, 424]","[351, 356, 361, 366, 371, 376, 381, 386, 391, 396, 401, 406, 411, 416, 421, 426]",[424] episode_20260108_170020.h5
7866,0.378373,0.373739,0.004633,0.058372,6.48,"[425, 425, 425, 425, 425, 425, 425, 425, 425, 425, 425, 425, 425, 425, 425, 425]","[143, 148, 153, 158, 163, 168, 173, 178, 183, 188, 193, 198, 203, 208, 213, 218]",[425] episode_20260108_170147.h5
7871,0.269835,0.266567,0.003267,0.061331,4.40,"[426, 426, 426, 426, 426, 426, 426, 426, 426, 426, 426, 426, 426, 426, 426, 426]","[70, 75, 80, 85, 90, 95, 100, 105, 110, 115, 120, 125, 130, 135, 140, 145]",[426] episode_20260108_170348.h5
7872,0.232074,0.228863,0.003212,0.063146,3.68,"[426, 426, 426, 426, 426, 426, 426, 426, 426, 426, 426, 426, 426, 426, 426, 426]","[150, 155, 160, 165, 170, 175, 180, 185, 190, 195, 200, 205, 210, 215, 220, 225]",[426] episode_20260108_170348.h5
7876,0.295701,0.293162,0.002539,0.065788,4.49,"[427, 427, 427, 427, 427, 427, 427, 427, 427, 427, 427, 427, 427, 427, 427, 427]","[69, 74, 79, 84, 89, 94, 99, 104, 109, 114, 119, 124, 129, 134, 139, 144]",[427] episode_20260108_170535.h5
7881,0.256800,0.254317,0.002482,0.069865,3.68,"[428, 428, 428, 428, 428, 428, 428, 428, 428, 428, 428, 428, 428, 428, 428, 428]","[70, 75, 80, 85, 90, 95, 100, 105, 110, 115, 120, 125, 130, 135, 140, 145]",[428] episode_20260108_170624.h5
7886,0.444662,0.441659,0.003003,0.074944,5.93,"[429, 429, 429, 429, 429, 429, 429, 429, 429, 429, 429, 429, 429, 429, 429, 429]","[71, 76, 81, 86, 91, 96, 101, 106, 111, 116, 121, 126, 131, 136, 141, 146]",[429] episode_20260108_141011.h5
7887,0.248201,0.242691,0.005510,0.076965,3.22,"[429, 429, 429, 429, 429, 429, 429, 429, 429, 429, 429, 429, 429, 429, 429, 429]","[151, 156, 161, 166, 171, 176, 181, 186, 191, 196, 201, 206, 211, 216, 221, 226]",[429] episode_20260108_141011.h5
7903,0.341148,0.336540,0.004609,0.088267,3.86,"[431, 431, 431, 431, 431, 431, 431, 431, 431, 431, 431, 431, 431, 431, 431, 431]","[98, 103, 108, 113, 118, 123, 128, 133, 138, 143, 148, 153, 158, 163, 168, 173]",[431] episode_20260108_141436.h5
7909,0.319988,0.314727,0.005261,0.092417,3.46,"[432, 432, 432, 432, 432, 432, 432, 432, 432, 432, 432, 432, 432, 432, 432, 432]","[95, 100, 105, 110, 115, 120, 125, 130, 135, 140, 145, 150, 155, 160, 165, 170]",[432] episode_20260108_141731.h5
7918,0.377749,0.373707,0.004042,0.100932,3.74,"[433, 433, 433, 433, 433, 433, 433, 433, 433, 433, 433, 433, 433, 433, 433, 433]","[118, 123, 128, 133, 138, 143, 148, 153, 158, 163, 168, 173, 178, 183, 188, 193]",[433] episode_20260108_141817.h5
7925,0.335183,0.332955,0.002228,0.106121,3.16,"[434, 434, 434, 434, 434, 434, 434, 434, 434, 434, 434, 434, 434, 434, 434, 434]","[102, 107, 112, 117, 122, 127, 132, 137, 142, 147, 152, 157, 162, 167, 172, 177]",[434] episode_20260108_142103.h5
7931,0.376835,0.375425,0.001410,0.110436,3.41,"[435, 435, 435, 435, 435, 435, 435, 435, 435, 435, 435, 435, 435, 435, 435, 435]","[56, 61, 66, 71, 76, 81, 86, 91, 96, 101, 106, 111, 116, 121, 126, 131]",[435] episode_20260108_142309.h5
7932,0.410961,0.405951,0.005011,0.114123,3.60,"[435, 435, 435, 435, 435, 435, 435, 435, 435, 435, 435, 435, 435, 435, 435, 435]","[136, 141, 146, 151, 156, 161, 166, 171, 176, 181, 186, 191, 196, 201, 206, 211]",[435] episode_20260108_142309.h5
7938,1.436010,1.307751,0.128259,0.131913,10.89,"[436, 436, 436, 436, 436, 436, 436, 436, 436, 436, 436, 436, 436, 436, 436, 436]","[202, 207, 212, 217, 222, 227, 232, 237, 242, 247, 252, 257, 262, 267, 272, 277]",[436] episode_20260108_142443.h5
7944,0.958077,0.829641,0.128436,0.144227,6.64,"[437, 437, 437, 437, 437, 437, 437, 437, 437, 437, 437, 437, 437, 437, 437, 437]","[177, 182, 187, 192, 197, 202, 207, 212, 217, 222, 227, 232, 237, 242, 247, 252]",[437] episode_20260108_142545.h5
7949,1.565699,1.433069,0.132630,0.160699,9.74,"[438, 438, 438, 438, 438, 438, 438, 438, 438, 438, 438, 438, 438, 438, 438, 438]","[151, 156, 161, 166, 171, 176, 181, 186, 191, 196, 201, 206, 211, 216, 221, 226]",[438] episode_20260108_142725.h5
7955,1.824186,1.666154,0.158032,0.183195,9.96,"[439, 439, 439, 439, 439, 439, 439, 439, 439, 439, 439, 439, 439, 439, 439, 439]","[193, 198, 203, 208, 213, 218, 223, 228, 233, 238, 243, 248, 253, 258, 263, 268]",[439] episode_20260108_142911.h5
7961,1.536422,1.384754,0.151668,0.193353,7.95,"[440, 440, 440, 440, 440, 440, 440, 440, 440, 440, 440, 440, 440, 440, 440, 440]","[143, 148, 153, 158, 163, 168, 173, 178, 183, 188, 193, 198, 203, 208, 213, 218]",[440] episode_20260108_143044.h5
7967,1.717417,1.575963,0.141454,0.211442,8.12,"[441, 441, 441, 441, 441, 441, 441, 441, 441, 441, 441, 441, 441, 441, 441, 441]","[192, 197, 202, 207, 212, 217, 222, 227, 232, 237, 242, 247, 252, 257, 262, 267]",[441] episode_20260108_143239.h5
7972,1.230577,1.173758,0.056818,0.219222,5.61,"[442, 442, 442, 442, 442, 442, 442, 442, 442, 442, 442, 442, 442, 442, 442, 442]","[129, 134, 139, 144, 149, 154, 159, 164, 169, 174, 179, 184, 189, 194, 199, 204]",[442] episode_20260108_161306.h5
7973,0.688057,0.573695,0.114362,0.225630,3.05,"[442, 442, 442, 442, 442, 442, 442, 442, 442, 442, 442, 442, 442, 442, 442, 442]","[209, 214, 219, 224, 229, 234, 239, 244, 249, 254, 259, 264, 269, 274, 279, 284]",[442] episode_20260108_161306.h5
7978,0.797173,0.713315,0.083858,0.229572,3.47,"[443, 443, 443, 443, 443, 443, 443, 443, 443, 443, 443, 443, 443, 443, 443, 443]","[73, 78, 83, 88, 93, 98, 103, 108, 113, 118, 123, 128, 133, 138, 143, 148]",[443] episode_20260108_161442.h5
7979,0.806219,0.697263,0.108956,0.237336,3.40,"[443, 443, 443, 443, 443, 443, 443, 443, 443, 443, 443, 443, 443, 443, 443, 443]","[153, 158, 163, 168, 173, 178, 183, 188, 193, 198, 203, 208, 213, 218, 223, 228]",[443] episode_20260108_161442.h5
7980,0.955107,0.840988,0.114119,0.245491,3.89,"[443, 443, 443, 443, 443, 443, 443, 443, 443, 443, 443, 443, 443, 443, 443, 443]","[233, 238, 243, 248, 253, 258, 263, 268, 273, 278, 283, 288, 293, 298, 303, 308]",[443] episode_20260108_161442.h5
7981,3.737992,3.519172,0.218820,0.280303,13.34,"[443, 443, 443, 443, 443, 443, 443, 443, 443, 443, 443, 443, 443, 443, 443, 443]","[313, 318, 323, 328, 333, 338, 343, 348, 353, 358, 363, 368, 373, 378, 383, 388]",[443] episode_20260108_161442.h5
7987,1.142030,1.101390,0.040640,0.288988,3.95,"[444, 444, 444, 444, 444, 444, 444, 444, 444, 444, 444, 444, 444, 444, 444, 444]","[127, 132, 137, 142, 147, 152, 157, 162, 167, 172, 177, 182, 187, 192, 197, 202]",[444] episode_20260108_161609.h5
7991,1.804364,1.682485,0.121878,0.303572,5.94,"[445, 445, 445, 445, 445, 445, 445, 445, 445, 445, 445, 445, 445, 445, 445, 445]","[79, 84, 89, 94, 99, 104, 109, 114, 119, 124, 129, 134, 139, 144, 149, 154]",[445] episode_20260108_161859.h5
7995,1.303427,1.256517,0.046910,0.319447,4.08,"[446, 446, 446, 446, 446, 446, 446, 446, 446, 446, 446, 446, 446, 446, 446, 446]","[124, 129, 134, 139, 144, 149, 154, 159, 164, 169, 174, 179, 184, 189, 194, 199]",[446] episode_20260108_162048.h5
8002,1.754518,1.672990,0.081528,0.336525,5.21,"[447, 447, 447, 447, 447, 447, 447, 447, 447, 447, 447, 447, 447, 447, 447, 447]","[70, 75, 80, 85, 90, 95, 100, 105, 110, 115, 120, 125, 130, 135, 140, 145]",[447] episode_20260108_162234.h5
8005,3.060603,2.733701,0.326902,0.372362,8.22,"[447, 447, 447, 447, 447, 447, 447, 447, 447, 447, 447, 447, 447, 447, 447, 447]","[310, 315, 320, 325, 330, 335, 340, 345, 350, 355, 360, 365, 370, 375, 380, 385]",[447] episode_20260108_162234.h5
8011,1.612525,1.534100,0.078424,0.386013,4.18,"[448, 448, 448, 448, 448, 448, 448, 448, 448, 448, 448, 448, 448, 448, 448, 448]","[123, 128, 133, 138, 143, 148, 153, 158, 163, 168, 173, 178, 183, 188, 193, 198]",[448] episode_20260108_162624.h5
8020,1.750642,1.588905,0.161737,0.406086,4.31,"[449, 449, 449, 449, 449, 449, 449, 449, 449, 449, 449, 449, 449, 449, 449, 449]","[167, 172, 177, 182, 187, 192, 197, 202, 207, 212, 217, 222, 227, 232, 237, 242]",[449] episode_20260108_162829.h5
8025,1.663448,1.606970,0.056478,0.419904,3.96,"[450, 450, 450, 450, 450, 450, 450, 450, 450, 450, 450, 450, 450, 450, 450, 450]","[20, 25, 30, 35, 40, 45, 50, 55, 60, 65, 70, 75, 80, 85, 90, 95]",[450] episode_20260108_163044.h5
8031,2.094678,1.841124,0.253554,0.447252,4.68,"[451, 451, 451, 451, 451, 451, 451, 451, 451, 451, 451, 451, 451, 451, 451, 451]","[105, 110, 115, 120, 125, 130, 135, 140, 145, 150, 155, 160, 165, 170, 175, 180]",[451] episode_20260108_163122.h5
8226,0.200907,0.198659,0.002249,0.054927,3.66,"[477, 477, 477, 477, 477, 477, 477, 477, 477, 477, 477, 477, 477, 477, 477, 477]","[23, 28, 33, 38, 43, 48, 53, 58, 63, 68, 73, 78, 83, 88, 93, 98]",[477] episode_20260108_155136.h5
8255,0.559543,0.557811,0.001731,0.059952,9.33,"[482, 482, 483, 483, 483, 483, 483, 483, 483, 483, 483, 483, 483, 483, 483, 483]","[320, 325, 0, 5, 10, 15, 20, 25, 30, 35, 40, 45, 50, 55, 60, 65]",[482] episode_20260108_160315.h5; [483] episode_20260108_160435.h5
8256,0.266369,0.263086,0.003283,0.061916,4.30,"[483, 483, 483, 483, 483, 483, 483, 483, 483, 483, 483, 483, 483, 483, 483, 483]","[70, 75, 80, 85, 90, 95, 100, 105, 110, 115, 120, 125, 130, 135, 140, 145]",[483] episode_20260108_160435.h5
8268,0.241225,0.238953,0.002273,0.069534,3.47,"[484, 484, 485, 485, 485, 485, 485, 485, 485, 485, 485, 485, 485, 485, 485, 485]","[446, 451, 1, 6, 11, 16, 21, 26, 31, 36, 41, 46, 51, 56, 61, 66]",[484] episode_20260108_160611.h5; [485] episode_20260108_160651.h5
8274,0.233795,0.232093,0.001702,0.073123,3.20,"[486, 486, 486, 486, 486, 486, 486, 486, 486, 486, 486, 486, 486, 486, 486, 486]","[44, 49, 54, 59, 64, 69, 74, 79, 84, 89, 94, 99, 104, 109, 114, 119]",[486] episode_20260108_160734.h5
8287,0.284334,0.280427,0.003907,0.081185,3.50,"[488, 488, 488, 488, 488, 488, 488, 488, 488, 488, 488, 488, 488, 488, 488, 488]","[85, 90, 95, 100, 105, 110, 115, 120, 125, 130, 135, 140, 145, 150, 155, 160]",[488] episode_20260108_160901.h5
8293,0.372331,0.367612,0.004719,0.082497,4.51,"[489, 489, 489, 489, 489, 489, 489, 489, 489, 489, 489, 489, 489, 489, 489, 489]","[162, 167, 172, 177, 182, 187, 192, 197, 202, 207, 212, 217, 222, 227, 232, 237]",[489] episode_20260109_133109.h5
8298,0.316862,0.314325,0.002537,0.088546,3.58,"[490, 490, 490, 490, 490, 490, 490, 490, 490, 490, 490, 490, 490, 490, 490, 490]","[59, 64, 69, 74, 79, 84, 89, 94, 99, 104, 109, 114, 119, 124, 129, 134]",[490] episode_20260109_133202.h5
8300,0.425502,0.421556,0.003946,0.092571,4.60,"[490, 490, 490, 490, 490, 490, 490, 490, 490, 490, 490, 490, 490, 490, 490, 490]","[219, 224, 229, 234, 239, 244, 249, 254, 259, 264, 269, 274, 279, 284, 289, 294]",[490] episode_20260109_133202.h5
8338,0.399857,0.396403,0.003455,0.109229,3.66,"[495, 495, 495, 495, 495, 495, 495, 495, 495, 495, 495, 495, 495, 495, 495, 495]","[47, 52, 57, 62, 67, 72, 77, 82, 87, 92, 97, 102, 107, 112, 117, 122]",[495] episode_20260109_133609.h5
8367,0.351298,0.346597,0.004701,0.113845,3.09,"[499, 499, 499, 499, 499, 499, 499, 499, 499, 499, 499, 499, 499, 499, 499, 499]","[84, 89, 94, 99, 104, 109, 114, 119, 124, 129, 134, 139, 144, 149, 154, 159]",[499] episode_20260109_134942.h5
8415,0.317313,0.311031,0.006283,0.105454,3.01,"[506, 506, 506, 506, 506, 506, 506, 506, 506, 506, 506, 506, 506, 506, 506, 506]","[99, 104, 109, 114, 119, 124, 129, 134, 139, 144, 149, 154, 159, 164, 169, 174]",[506] episode_20260109_135651.h5
8476,0.397024,0.391120,0.005904,0.103151,3.85,"[516, 516, 516, 516, 516, 516, 516, 516, 516, 516, 516, 516, 516, 516, 516, 516]","[89, 94, 99, 104, 109, 114, 119, 124, 129, 134, 139, 144, 149, 154, 159, 164]",[516] episode_20260109_140934.h5
8489,0.377133,0.373473,0.003659,0.105259,3.58,"[518, 518, 518, 518, 518, 518, 518, 518, 518, 518, 518, 518, 518, 518, 518, 518]","[144, 149, 154, 159, 164, 169, 174, 179, 184, 189, 194, 199, 204, 209, 214, 219]",[518] episode_20260109_141420.h5
8798,0.368909,0.362210,0.006699,0.085315,4.32,"[582, 582, 582, 582, 582, 582, 582, 582, 582, 582, 582, 582, 582, 582, 582, 582]","[42, 47, 52, 57, 62, 67, 72, 77, 82, 87, 92, 97, 102, 107, 112, 117]",[582] episode_20260112_155245.h5
8804,0.289967,0.286048,0.003919,0.086458,3.35,"[583, 583, 583, 583, 583, 583, 583, 583, 583, 583, 583, 583, 583, 583, 583, 583]","[39, 44, 49, 54, 59, 64, 69, 74, 79, 84, 89, 94, 99, 104, 109, 114]",[583] episode_20260112_155309.h5
8815,0.275448,0.267213,0.008235,0.090144,3.06,"[586, 586, 586, 586, 586, 586, 586, 586, 586, 586, 586, 586, 586, 586, 586, 586]","[85, 90, 95, 100, 105, 110, 115, 120, 125, 130, 135, 140, 145, 150, 155, 160]",[586] episode_20260112_155426.h5
8819,0.336442,0.326343,0.010099,0.091603,3.67,"[587, 587, 587, 587, 587, 587, 587, 587, 587, 587, 587, 587, 587, 587, 587, 587]","[54, 59, 64, 69, 74, 79, 84, 89, 94, 99, 104, 109, 114, 119, 124, 129]",[587] episode_20260112_155451.h5
8826,0.269866,0.269108,0.000758,0.089536,3.01,"[588, 588, 588, 588, 588, 589, 589, 589, 589, 589, 589, 589, 589, 589, 589, 589]","[238, 243, 248, 253, 258, 1, 6, 11, 16, 21, 26, 31, 36, 41, 46, 51]",[588] episode_20260112_155517.h5; [589] episode_20260112_155653.h5
8827,0.304428,0.299396,0.005032,0.092257,3.30,"[589, 589, 589, 589, 589, 589, 589, 589, 589, 589, 589, 589, 589, 589, 589, 589]","[56, 61, 66, 71, 76, 81, 86, 91, 96, 101, 106, 111, 116, 121, 126, 131]",[589] episode_20260112_155653.h5
8828,0.329921,0.319795,0.010126,0.094641,3.49,"[589, 589, 589, 589, 589, 589, 589, 589, 589, 589, 589, 589, 589, 589, 589, 589]","[136, 141, 146, 151, 156, 161, 166, 171, 176, 181, 186, 191, 196, 201, 206, 211]",[589] episode_20260112_155653.h5
9008,0.301883,0.294048,0.007835,0.087874,3.44,"[637, 637, 637, 637, 637, 637, 637, 637, 637, 637, 637, 637, 637, 637, 637, 637]","[236, 241, 246, 251, 256, 261, 266, 271, 276, 281, 286, 291, 296, 301, 306, 311]",[637] episode_20260114_151115.h5
9072,0.288756,0.278473,0.010284,0.096124,3.00,"[657, 657, 657, 657, 657, 657, 657, 657, 657, 657, 657, 657, 657, 657, 657, 657]","[76, 81, 86, 91, 96, 101, 106, 111, 116, 121, 126, 131, 136, 141, 146, 151]",[657] episode_20260114_152138.h5
9128,0.313702,0.307832,0.005870,0.099135,3.16,"[676, 676, 676, 676, 676, 676, 676, 676, 676, 676, 676, 676, 676, 676, 676, 676]","[63, 68, 73, 78, 83, 88, 93, 98, 103, 108, 113, 118, 123, 128, 133, 138]",[676] episode_20260114_153138.h5
9555,2.080312,2.052689,0.027622,0.105970,19.63,"[814, 814, 814, 814, 814, 814, 814, 814, 814, 814, 814, 814, 814, 814, 814, 814]","[67, 72, 77, 82, 87, 92, 97, 102, 107, 112, 117, 122, 127, 132, 137, 142]",[814] episode_20260116_101531.h5
9556,3.620933,3.593370,0.027563,0.141344,25.62,"[814, 814, 814, 814, 814, 814, 814, 814, 814, 814, 814, 814, 814, 814, 814, 814]","[147, 152, 157, 162, 167, 172, 177, 182, 187, 192, 197, 202, 207, 212, 217, 222]",[814] episode_20260116_101531.h5
